id,name,county
0,國立臺東大學,臺東縣
1,國立華僑高級中等學校,新北市
2,市立泰山高中,新北市
3,市立板橋高中,新北市
4,市立中和高中,新北市
5,市立新莊高中,新北市
6,市立瑞芳高工,新北市
7,市立三重商工,新北市
8,市立新北高工,新北市
9,市立淡水商工,新北市
10,市立海山高中,新北市
11,市立三重高中,新北市
12,市立永平高中,新北市
13,市立樹林高中,新北市
14,市立明德高中,新北市
15,市立秀峰高中,新北市
16,市立金山高中,新北市
17,市立安康高中,新北市
18,市立雙溪高中,新北市
19,市立石碇高中,新北市
20,市立清水高中,新北市
21,市立三民高中,新北市
22,市立板橋國中,新北市
23,市立重慶國中,新北市
24,市立江翠國中,新北市
25,市立中山國中,新北市
26,市立新埔國中,新北市
27,市立新莊國中,新北市
28,市立新泰國中,新北市
29,市立福營國中,新北市
30,市立頭前國中,新北市
31,市立光榮國中,新北市
32,市立明志國中,新北市
33,市立碧華國中,新北市
34,市立永和國中,新北市
35,市立福和國中,新北市
36,市立中和國中,新北市
37,市立積穗國中,新北市
38,市立漳和國中,新北市
39,市立鶯歌國中,新北市
40,市立柑園國中,新北市
41,市立土城國中,新北市
42,市立三峽國中,新北市
43,市立八里國中,新北市
44,市立泰山國中,新北市
45,市立五股國中,新北市
46,市立蘆洲國中,新北市
47,市立林口國中,新北市
48,市立淡水國中,新北市
49,市立三芝國中,新北市
50,市立石門國中,新北市
51,市立萬里國中,新北市
52,市立坪林國中,新北市
53,市立文山國中,新北市
54,市立五峰國中,新北市
55,市立瑞芳國中,新北市
56,市立欽賢國中,新北市
57,市立欽賢國中(鼻頭分部),新北市
58,市立貢寮國中,新北市
59,市立深坑國中,新北市
60,市立平溪國中,新北市
61,市立烏來國中(小),新北市
62,市立溪崑國中,新北市
63,市立自強國中,新北市
64,市立中正國中,新北市
65,市立中平國中,新北市
66,市立鳳鳴國中,新北市
67,市立三和國中,新北市
68,市立光復高中,新北市
69,市立尖山國中,新北市
70,市立正德國中,新北市
71,市立正德國中(賢孝校區),新北市
72,市立樟樹國際實創高中,新北市
73,市立育林國中,新北市
74,市立青山國中(小),新北市
75,市立二重國中,新北市
76,市立大觀國中,新北市
77,市立忠孝國中,新北市
78,市立國光國小,新北市
79,市立新埔國小,新北市
80,市立埔墘國小,新北市
81,市立莒光國小,新北市
82,市立後埔國小,新北市
83,市立江翠國小,新北市
84,市立文聖國小,新北市
85,市立沙崙國小,新北市
86,市立文德國小,新北市
87,市立樹林國小,新北市
88,市立文林國小,新北市
89,市立大同國小,新北市
90,市立山佳國小,新北市
91,市立鶯歌國小,新北市
92,市立二橋國小,新北市
93,市立中湖國小,新北市
94,市立鳳鳴國小,新北市
95,市立三峽國小,新北市
96,市立大埔國小,新北市
97,市立民義國小,新北市
98,市立成福國小,新北市
99,市立建安國小,新北市
100,市立插角國小,新北市
101,市立插角國小(金敏分校),新北市
102,市立五寮國小,新北市
103,市立中和國小,新北市
104,市立復興國小,新北市
105,市立興南國小,新北市
106,市立秀山國小,新北市
107,市立積穗國小,新北市
108,市立自強國小,新北市
109,市立錦和國小,新北市
110,市立景新國小,新北市
111,市立永和國小,新北市
112,市立秀朗國小,新北市
113,市立網溪國小,新北市
114,市立永平國小,新北市
115,市立土城國小,新北市
116,市立清水國小,新北市
117,市立頂埔國小,新北市
118,市立廣福國小,新北市
119,市立汐止國小,新北市
120,市立長安國小,新北市
121,市立崇德國小,新北市
122,市立北峰國小,新北市
123,市立白雲國小(碧雲分校),新北市
124,市立大坪國小(溪底分班),新北市
125,市立中角國小,新北市
126,市立三和國小,新北市
127,市立新店國小,新北市
128,市立直潭國小,新北市
129,市立大豐國小,新北市
130,市立中正國小,新北市
131,市立安坑國小,新北市
132,市立雙城國小,新北市
133,市立屈尺國小,新北市
134,市立屈尺國小(廣興分校),新北市
135,市立龜山國小,新北市
136,市立深坑國小,新北市
137,市立和平國小,新北市
138,市立永定國小,新北市
139,市立坪林國小,新北市
140,市立坪林國小(漁光分校),新北市
141,市立坪林國小(闊瀨分校),新北市
142,市立福山國小,新北市
143,市立瑞柑國小,新北市
144,市立九份國小,新北市
145,市立瓜山國小,新北市
146,市立濂洞國小,新北市
147,市立瑞亭國小,新北市
148,市立吉慶國小,新北市
149,市立鼻頭國小,新北市
150,市立雙溪國小,新北市
151,市立柑林國小,新北市
152,市立貢寮國小,新北市
153,市立澳底國小,新北市
154,市立和美國小,新北市
155,市立福連國小,新北市
156,市立十分國小,新北市
157,市立淡水國小,新北市
158,市立文化國小,新北市
159,市立天生國小,新北市
160,市立水源國小,新北市
161,市立興仁國小,新北市
162,市立忠山國小,新北市
163,市立竹圍國小,新北市
164,市立石門國小,新北市
165,市立乾華國小,新北市
166,市立老梅國小,新北市
167,市立橫山國小,新北市
168,市立新莊國小,新北市
169,市立中港國小,新北市
170,市立思賢國小,新北市
171,市立頭前國小,新北市
172,市立國泰國小,新北市
173,市立豐年國小,新北市
174,市立丹鳳國小,新北市
175,市立光華國小,新北市
176,市立民安國小,新北市
177,市立昌隆國小,新北市
178,市立泰山國小,新北市
179,市立明志國小,新北市
180,市立成州國小,新北市
181,市立更寮國小,新北市
182,市立五股國小,新北市
183,市立蘆洲國小,新北市
184,市立鷺江國小,新北市
185,市立八里國小,新北市
186,市立米倉國小,新北市
187,市立林口國小,新北市
188,市立嘉寶國小,新北市
189,市立瑞平國小,新北市
190,市立厚德國小,新北市
191,市立碧華國小,新北市
192,市立光興國小,新北市
193,市立正義國小,新北市
194,市立二重國小,新北市
195,市立中山國小,新北市
196,市立三多國小,新北市
197,市立實踐國小,新北市
198,市立大觀國小,新北市
199,市立溪洲國小,新北市
200,市立信義國小,新北市
201,市立重慶國小,新北市
202,市立樂利國小,新北市
203,市立安和國小,新北市
204,市立彭福國小,新北市
205,市立育林國小,新北市
206,市立建國國小,新北市
207,市立安溪國小,新北市
208,市立樟樹國小,新北市
209,市立金美國小,新北市
210,市立新和國小,新北市
211,市立重陽國小,新北市
212,市立五華國小,新北市
213,市立成功國小,新北市
214,市立仁愛國小,新北市
215,市立榮富國小,新北市
216,市立裕民國小,新北市
217,市立新泰國小,新北市
218,市立中信國小,新北市
219,市立德音國小,新北市
220,市立麗園國小,新北市
221,市立北新國小,新北市
222,市立同榮國小,新北市
223,市立秀峰國小,新北市
224,市立金龍國小,新北市
225,市立介壽國小,新北市
226,市立集美國小,新北市
227,市立永吉國小,新北市
228,市立義學國小,新北市
229,新北市立蘆洲幼兒園,新北市
230,國立蘭陽女中,宜蘭縣
231,國立宜蘭高中,宜蘭縣
232,國立羅東高中,宜蘭縣
233,國立羅東高商,宜蘭縣
234,國立蘇澳海事,宜蘭縣
235,國立羅東高工,宜蘭縣
236,國立頭城家商,宜蘭縣
237,國立臺東專科學校,臺東縣
238,縣立南澳高中,宜蘭縣
239,縣立宜蘭國中,宜蘭縣
240,縣立復興國中,宜蘭縣
241,縣立羅東國中,宜蘭縣
242,縣立東光國中,宜蘭縣
243,縣立國華國中,宜蘭縣
244,縣立蘇澳國中,宜蘭縣
245,縣立文化國中,宜蘭縣
246,縣立三星國中,宜蘭縣
247,縣立礁溪國中,宜蘭縣
248,縣立吳沙國中,宜蘭縣
249,縣立冬山國中,宜蘭縣
250,縣立順安國中,宜蘭縣
251,縣立五結國中,宜蘭縣
252,縣立興中國中,宜蘭縣
253,縣立員山國中,宜蘭縣
254,縣立大同國中,宜蘭縣
255,縣立中山國小,宜蘭縣
256,縣立力行國小,宜蘭縣
257,縣立新生國小,宜蘭縣
258,縣立光復國小,宜蘭縣
259,縣立黎明國小,宜蘭縣
260,縣立南屏國小,宜蘭縣
261,縣立羅東國小,宜蘭縣
262,縣立成功國小,宜蘭縣
263,縣立公正國小,宜蘭縣
264,縣立北成國小,宜蘭縣
265,縣立竹林國小,宜蘭縣
266,縣立蘇澳國小,宜蘭縣
267,縣立士敏國小,宜蘭縣
268,縣立南安國小,宜蘭縣
269,縣立頭城國小,宜蘭縣
270,縣立竹安國小,宜蘭縣
271,縣立大溪國小,宜蘭縣
272,縣立梗枋國小,宜蘭縣
273,縣立礁溪國小,宜蘭縣
274,縣立四結國小,宜蘭縣
275,縣立龍潭國小,宜蘭縣
276,縣立員山國小,宜蘭縣
277,縣立同樂國小,宜蘭縣
278,縣立壯圍國小,宜蘭縣
279,縣立古亭國小,宜蘭縣
280,縣立過嶺國小,宜蘭縣
281,縣立大福國小,宜蘭縣
282,縣立新南國小,宜蘭縣
283,縣立五結國小,宜蘭縣
284,縣立學進國小,宜蘭縣
285,縣立利澤國小,宜蘭縣
286,縣立順安國小,宜蘭縣
287,縣立武淵國小,宜蘭縣
288,縣立三星國小,宜蘭縣
289,縣立大洲國小,宜蘭縣
290,縣立大隱國小,宜蘭縣
291,縣立四季國小,宜蘭縣
292,縣立四季國小(英士分校),宜蘭縣
293,縣立大同國小,宜蘭縣
294,縣立大同國小(樂水分校),宜蘭縣
295,縣立寒溪國小,宜蘭縣
296,縣立碧候國小,宜蘭縣
297,縣立澳花國小,宜蘭縣
298,縣立金岳國小,宜蘭縣
299,縣立金洋國小,宜蘭縣
300,宜蘭縣三星鄉立幼兒園,宜蘭縣
301,宜蘭縣大同鄉立幼兒園樂水分班,宜蘭縣
302,宜蘭縣大同鄉立幼兒園四季分班,宜蘭縣
303,市立桃園高中,桃園市
304,國立中央大學附屬中壢高中,桃園市
305,市立武陵高中,桃園市
306,市立楊梅高中,桃園市
307,市立龍潭高中,桃園市
308,國立桃園農工,桃園市
309,市立中壢高商,桃園市
310,市立中壢家商,桃園市
311,私立振聲高中,桃園市
312,市立大溪高級中等學校,桃園市
313,市立壽山高級中等學校,桃園市
314,市立永豐高級中等學校,桃園市
315,市立桃園國中,桃園市
316,市立青溪國中,桃園市
317,市立文昌國中,桃園市
318,市立建國國中,桃園市
319,市立中興國中,桃園市
320,市立南崁國中,桃園市
321,市立竹圍國中,桃園市
322,市立仁和國中,桃園市
323,市立八德國中,桃園市
324,市立大成國中,桃園市
325,市立中壢國中,桃園市
326,市立平南國中,桃園市
327,市立新明國中,桃園市
328,市立內壢國中,桃園市
329,市立大崙國中,桃園市
330,市立龍岡國中,桃園市
331,市立興南國中,桃園市
332,市立自強國中,桃園市
333,市立東興國中,桃園市
334,市立楊梅國中,桃園市
335,市立仁美國中,桃園市
336,市立富岡國中,桃園市
337,市立瑞原國中,桃園市
338,市立觀音國中,桃園市
339,市立草漯國中,桃園市
340,市立新屋高中,桃園市
341,市立大坡國中,桃園市
342,市立永安國中,桃園市
343,市立龍潭國中,桃園市
344,市立凌雲國中,桃園市
345,市立石門國中,桃園市
346,市立介壽國中,桃園市
347,市立平興國中,桃園市
348,市立龍興國中,桃園市
349,市立福豐國中,桃園市
350,市立光明國中,桃園市
351,市立迴龍國中(小),桃園市
352,市立平鎮國中,桃園市
353,市立桃園國小,桃園市
354,市立東門國小,桃園市
355,市立成功國小,桃園市
356,市立會稽國小,桃園市
357,市立建國國小,桃園市
358,市立南門國小,桃園市
359,市立北門國小,桃園市
360,市立公埔國小,桃園市
361,市立大竹國小,桃園市
362,市立頂社國小,桃園市
363,市立大園國小,桃園市
364,市立內海國小,桃園市
365,市立潮音國小,桃園市
366,市立五權國小,桃園市
367,市立龜山國小,桃園市
368,市立大坑國小,桃園市
369,市立山頂國小,桃園市
370,市立大成國小,桃園市
371,市立大勇國小,桃園市
372,市立瑞豐國小,桃園市
373,市立大安國小,桃園市
374,市立茄苳國小,桃園市
375,市立廣興國小,桃園市
376,市立大溪國小,桃園市
377,市立美華國小,桃園市
378,市立內柵國小,桃園市
379,市立福安國小,桃園市
380,市立百吉國小,桃園市
381,市立中興國小,桃園市
382,市立員樹林國小,桃園市
383,市立仁善國小,桃園市
384,市立僑愛國小,桃園市
385,市立南興國小,桃園市
386,市立永福國小,桃園市
387,市立中平國小,桃園市
388,市立新明國小,桃園市
389,市立新街國小,桃園市
390,市立信義國小,桃園市
391,市立普仁國小,桃園市
392,市立富台國小,桃園市
393,市立內壢國小,桃園市
394,市立山東國小,桃園市
395,市立中正國小,桃園市
396,市立自立國小,桃園市
397,市立龍岡國小,桃園市
398,市立內定國小,桃園市
399,市立南勢國小,桃園市
400,市立宋屋國小,桃園市
401,市立新勢國小,桃園市
402,市立忠貞國小,桃園市
403,市立山豐國小,桃園市
404,市立復旦國小,桃園市
405,市立北勢國小,桃園市
406,市立楊梅國小,桃園市
407,市立水美國小,桃園市
408,市立瑞埔國小,桃園市
409,市立四維國小,桃園市
410,市立新屋國小,桃園市
411,市立頭洲國小,桃園市
412,市立永安國小,桃園市
413,市立蚵間國小,桃園市
414,市立觀音國小,桃園市
415,市立新坡國小,桃園市
416,市立草漯國小,桃園市
417,市立龍潭國小,桃園市
418,市立德龍國小,桃園市
419,市立潛龍國小,桃園市
420,市立石門國小,桃園市
421,市立龍源國小,桃園市
422,市立三和國小,桃園市
423,市立武漢國小,桃園市
424,市立介壽國小,桃園市
425,市立義盛國小,桃園市
426,市立霞雲國小,桃園市
427,市立奎輝國小,桃園市
428,市立光華國小,桃園市
429,市立高義國小,桃園市
430,市立三光國小,桃園市
431,市立羅浮國小(高坡分校),桃園市
432,市立巴崚國小,桃園市
433,市立東安國小,桃園市
434,市立錦興國小,桃園市
435,市立興國國小,桃園市
436,市立華勛國小,桃園市
437,市立同安國小,桃園市
438,市立建德國小,桃園市
439,市立大有國小,桃園市
440,市立光明國小,桃園市
441,市立忠福國小,桃園市
442,桃園市龍潭區立幼兒園烏林分班,桃園市
443,桃園市立楊梅幼兒園,桃園市
444,桃園市立楊梅幼兒園楊梅分班,桃園市
445,桃園市立楊梅幼兒園大東分班,桃園市
446,桃園市立大園幼兒園三和分班,桃園市
447,大溪鎮立幼兒園內柵分班,桃園市
448,大溪鎮立幼兒園頭寮分班,桃園市
449,國立竹東高中,新竹縣
450,國立關西高中,新竹縣
451,縣立湖口高中,新竹縣
452,縣立員東國中,新竹縣
453,縣立關西國中,新竹縣
454,縣立石光國中,新竹縣
455,縣立富光國中,新竹縣
456,縣立新埔國中,新竹縣
457,縣立照門國中,新竹縣
458,縣立竹北國中,新竹縣
459,縣立鳳岡國中,新竹縣
460,縣立精華國中,新竹縣
461,縣立華山國中,新竹縣
462,縣立寶山國中,新竹縣
463,縣立寶山國中(莒光分部),新竹縣
464,縣立峨眉國中,新竹縣
465,縣立新湖國中,新竹縣
466,縣立中正國中,新竹縣
467,縣立五峰國中,新竹縣
468,縣立尖石國中,新竹縣
469,縣立關西國小,新竹縣
470,縣立東安國小,新竹縣
471,縣立南和國小,新竹縣
472,縣立太平國小,新竹縣
473,縣立東光國小,新竹縣
474,縣立錦山國小,新竹縣
475,縣立玉山國小,新竹縣
476,縣立新埔國小,新竹縣
477,縣立新星國小,新竹縣
478,縣立清水國小,新竹縣
479,縣立照東國小,新竹縣
480,縣立寶石國小,新竹縣
481,縣立竹東國小,新竹縣
482,縣立中山國小,新竹縣
483,縣立竹中國小,新竹縣
484,縣立員崠國小,新竹縣
485,縣立陸豐國小,新竹縣
486,縣立竹仁國小,新竹縣
487,縣立新社國小,新竹縣
488,縣立東海國小,新竹縣
489,縣立豐田國小,新竹縣
490,縣立鳳岡國小,新竹縣
491,縣立新湖國小,新竹縣
492,縣立和興國小,新竹縣
493,縣立山崎國小,新竹縣
494,縣立長安國小,新竹縣
495,縣立中興國小,新竹縣
496,縣立華興國小,新竹縣
497,縣立田寮國小,新竹縣
498,縣立大肚國小,新竹縣
499,縣立沙坑國小,新竹縣
500,縣立新豐國小,新竹縣
501,縣立瑞興國小,新竹縣
502,縣立福龍國小,新竹縣
503,縣立五龍國小,新竹縣
504,縣立寶山國小,新竹縣
505,縣立雙溪國小,新竹縣
506,縣立北埔國小,新竹縣
507,縣立峨眉國小,新竹縣
508,縣立富興國小,新竹縣
509,縣立嘉興國小,新竹縣
510,縣立嘉興國小(義興分校),新竹縣
511,縣立新樂國小,新竹縣
512,縣立玉峰國小,新竹縣
513,縣立秀巒國小,新竹縣
514,縣立秀巒國小(田埔分校),新竹縣
515,縣立新光國小,新竹縣
516,縣立五峰國小,新竹縣
517,縣立桃山國小,新竹縣
518,縣立花園國小,新竹縣
519,縣立花園國小(竹林分校),新竹縣
520,國立苗栗高中,苗栗縣
521,國立竹南高中,苗栗縣
522,國立卓蘭高中,苗栗縣
523,國立大湖農工,苗栗縣
524,國立苗栗農工,苗栗縣
525,國立苗栗高商,苗栗縣
526,縣立興華高中,苗栗縣
527,縣立苗栗國中,苗栗縣
528,縣立大倫國中,苗栗縣
529,縣立明仁國中,苗栗縣
530,縣立頭屋國中,苗栗縣
531,縣立公館國中,苗栗縣
532,縣立鶴岡國中,苗栗縣
533,縣立文林國中,苗栗縣
534,縣立文林國中(文隆分部),苗栗縣
535,縣立三義高中,苗栗縣
536,縣立致民國中,苗栗縣
537,縣立通霄國中,苗栗縣
538,縣立南和國中,苗栗縣
539,縣立烏眉國中,苗栗縣
540,縣立啟新國中,苗栗縣
541,縣立文英國中,苗栗縣
542,縣立三灣國中,苗栗縣
543,縣立南庄國中,苗栗縣
544,縣立造橋國中,苗栗縣
545,縣立大西國中,苗栗縣
546,縣立維真國中,苗栗縣
547,縣立大湖國中,苗栗縣
548,縣立南湖國中,苗栗縣
549,縣立獅潭國中,苗栗縣
550,縣立建國國中,苗栗縣
551,縣立建功國小,苗栗縣
552,縣立大同國小,苗栗縣
553,縣立僑育國小,苗栗縣
554,縣立文山國小,苗栗縣
555,縣立頭屋國小,苗栗縣
556,縣立明德國小,苗栗縣
557,縣立公館國小,苗栗縣
558,縣立五穀國小,苗栗縣
559,縣立鶴岡國小,苗栗縣
560,縣立開礦國小,苗栗縣
561,縣立南河國小,苗栗縣
562,縣立銅鑼國小,苗栗縣
563,縣立新隆國小,苗栗縣
564,縣立興隆國小,苗栗縣
565,縣立文峰國小,苗栗縣
566,縣立建中國小,苗栗縣
567,縣立僑成國小,苗栗縣
568,縣立鯉魚國小,苗栗縣
569,縣立苑裡國小,苗栗縣
570,縣立中正國小,苗栗縣
571,縣立藍田國小,苗栗縣
572,縣立中山國小,苗栗縣
573,縣立林森國小,苗栗縣
574,縣立蕉埔國小,苗栗縣
575,縣立通霄國小,苗栗縣
576,縣立啟明國小,苗栗縣
577,縣立坪頂國小,苗栗縣
578,縣立烏眉國小楓樹分校,苗栗縣
579,縣立福興武術國(中)小,苗栗縣
580,縣立西湖國小,苗栗縣
581,縣立僑文國小,苗栗縣
582,縣立頭份國小,苗栗縣
583,縣立永貞國小,苗栗縣
584,縣立尖山國小,苗栗縣
585,縣立僑善國小,苗栗縣
586,縣立斗煥國小,苗栗縣
587,縣立后庄國小,苗栗縣
588,縣立新興國小,苗栗縣
589,縣立照南國小,苗栗縣
590,縣立大埔國小,苗栗縣
591,縣立頂埔國小,苗栗縣
592,縣立三灣國小,苗栗縣
593,縣立大河國小,苗栗縣
594,縣立錦水國小大坪分校,苗栗縣
595,縣立南庄國小,苗栗縣
596,縣立田美國小,苗栗縣
597,縣立南埔國小,苗栗縣
598,縣立東河國小,苗栗縣
599,縣立蓬萊國小,苗栗縣
600,縣立談文國小,苗栗縣
601,縣立錦水國小,苗栗縣
602,縣立龍昇國小,苗栗縣
603,縣立僑樂國小,苗栗縣
604,縣立新港國民中小學(豐湖校區),苗栗縣
605,縣立後龍國小,苗栗縣
606,縣立龍坑國小,苗栗縣
607,縣立成功國小,苗栗縣
608,縣立大湖國小,苗栗縣
609,縣立東興國小,苗栗縣
610,縣立栗林國小,苗栗縣
611,縣立獅潭國小,苗栗縣
612,縣立豐田國小,苗栗縣
613,縣立坪林國小,苗栗縣
614,縣立雙連國小,苗栗縣
615,縣立泰安國(中)小,苗栗縣
616,縣立清安國小,苗栗縣
617,縣立象鼻國小,苗栗縣
618,縣立建國國小,苗栗縣
619,縣立竹興國小,苗栗縣
620,縣立仁愛國小,苗栗縣
621,縣立士林國小,苗栗縣
622,市立大甲高中,臺中市
623,市立清水高中,臺中市
624,市立豐原高中,臺中市
625,市立豐原高商,臺中市
626,市立大甲高工,臺中市
627,市立沙鹿高工,臺中市
628,市立霧峰農工,臺中市
629,市立臺中啟明學校,臺中市
630,私立明台高中,臺中市
631,私立明道高中,臺中市
632,私立華盛頓高中,臺中市
633,市立后綜高中,臺中市
634,市立大里高中,臺中市
635,市立新社高中,臺中市
636,市立長億高中,臺中市
637,市立中港高中,臺中市
638,市立豐原國中,臺中市
639,市立豐東國中,臺中市
640,市立豐南國中,臺中市
641,市立潭子國中,臺中市
642,市立大雅國中,臺中市
643,市立神岡國中,臺中市
644,市立外埔國中,臺中市
645,市立大甲國中,臺中市
646,市立日南國中,臺中市
647,市立大安國中,臺中市
648,市立清水國中,臺中市
649,市立清泉國中,臺中市
650,市立沙鹿國中,臺中市
651,市立梧棲國中,臺中市
652,市立龍井國中,臺中市
653,市立四箴國中,臺中市
654,市立大道國中,臺中市
655,市立烏日國中,臺中市
656,市立溪南國中,臺中市
657,市立霧峰國中,臺中市
658,市立中平國中,臺中市
659,市立東勢國中,臺中市
660,市立東華國中,臺中市
661,市立東新國中,臺中市
662,市立成功國中,臺中市
663,市立和平國中,臺中市
664,市立北勢國中,臺中市
665,市立鹿寮國中,臺中市
666,市立光榮國中,臺中市
667,市立潭秀國中,臺中市
668,市立順天國中,臺中市
669,市立清海國中,臺中市
670,市立大華國中,臺中市
671,市立新光國中,臺中市
672,市立光正國中,臺中市
673,市立豐陽國中,臺中市
674,市立豐原國小,臺中市
675,市立瑞穗國小,臺中市
676,市立南陽國小,臺中市
677,市立富春國小,臺中市
678,市立豐村國小,臺中市
679,市立翁子國小,臺中市
680,市立豐田國小,臺中市
681,市立合作國小,臺中市
682,市立內埔國小,臺中市
683,市立后里國小,臺中市
684,市立月眉國小,臺中市
685,市立七星國小,臺中市
686,市立育英國小,臺中市
687,市立后里區泰安國小,臺中市
688,市立神岡國小,臺中市
689,市立豐洲國小,臺中市
690,市立圳堵國小,臺中市
691,市立岸裡國小,臺中市
692,市立大雅國小,臺中市
693,市立三和國小,臺中市
694,市立大明國小,臺中市
695,市立上楓國小,臺中市
696,市立汝鎏國小,臺中市
697,市立陽明國小,臺中市
698,市立潭子國小,臺中市
699,市立僑忠國小,臺中市
700,市立東寶國小,臺中市
701,市立安定國小,臺中市
702,市立鐵山國小,臺中市
703,市立馬鳴國小,臺中市
704,市立水美國小,臺中市
705,市立東勢區成功國小,臺中市
706,市立新成國小,臺中市
707,市立明正國小,臺中市
708,市立新社國小,臺中市
709,市立新社區東興國小,臺中市
710,市立中和國小,臺中市
711,市立清水國小,臺中市
712,市立西寧國小,臺中市
713,市立建國國小,臺中市
714,市立大秀國小,臺中市
715,市立甲南國小,臺中市
716,市立高美國小,臺中市
717,市立東山國小,臺中市
718,市立梧棲國小,臺中市
719,市立梧南國小,臺中市
720,市立梧棲區中正國小,臺中市
721,市立永寧國小,臺中市
722,市立大甲國小,臺中市
723,市立德化國小,臺中市
724,市立大甲區文昌國小,臺中市
725,市立順天國小,臺中市
726,市立日南國小,臺中市
727,市立東明國小,臺中市
728,市立華龍國小,臺中市
729,市立西岐國小,臺中市
730,市立沙鹿國小,臺中市
731,市立文光國小,臺中市
732,市立竹林國小,臺中市
733,市立北勢國小,臺中市
734,市立公明國小,臺中市
735,市立公館國小,臺中市
736,市立大安國小,臺中市
737,市立三光國小,臺中市
738,市立龍山國小,臺中市
739,市立龍井國小,臺中市
740,市立龍港國小,臺中市
741,市立龍泉國小,臺中市
742,市立龍峰國小,臺中市
743,市立僑仁國小,臺中市
744,市立喀哩國小,臺中市
745,市立東園國小,臺中市
746,市立溪尾國小,臺中市
747,市立五光國小,臺中市
748,市立大肚國小,臺中市
749,市立瑞峰國小,臺中市
750,市立永順國小,臺中市
751,市立追分國小,臺中市
752,市立大忠國小,臺中市
753,市立大里國小,臺中市
754,市立內新國小,臺中市
755,市立崇光國小,臺中市
756,市立草湖國小,臺中市
757,市立霧峰國小,臺中市
758,市立四德國小,臺中市
759,市立萬豐國小,臺中市
760,市立霧峰區光正國小,臺中市
761,市立宜欣國小,臺中市
762,市立新光國小,臺中市
763,市立太平區坪林國小,臺中市
764,市立太平區坪林國小(坪廍分校),臺中市
765,市立黃竹國小,臺中市
766,市立頭汴國小,臺中市
767,市立東汴國小,臺中市
768,市立博屋瑪國小,臺中市
769,市立博愛國小,臺中市
770,市立梨山國(中)小,臺中市
771,市立益民國小,臺中市
772,市立槺榔國小,臺中市
773,市立建平國小,臺中市
774,市立潭陽國小,臺中市
775,市立太平區中華國小,臺中市
776,市立中港國小,臺中市
777,市立東平國小,臺中市
778,市立新盛國小,臺中市
779,市立大元國小,臺中市
780,市立新平國小,臺中市
781,市立葫蘆墩國小,臺中市
782,市立美群國小,臺中市
783,市立吳厝國小,臺中市
784,市立車籠埔國小,臺中市
785,臺中市立沙鹿幼兒園埔子分班,臺中市
786,國立彰化女中,彰化縣
787,國立員林高中,彰化縣
788,國立彰化高中,彰化縣
789,國立鹿港高中,彰化縣
790,國立溪湖高中,彰化縣
791,國立彰師附工,彰化縣
792,國立永靖高工,彰化縣
793,國立二林工商,彰化縣
794,國立彰化高商,彰化縣
795,國立員林農工,彰化縣
796,國立員林家商,彰化縣
797,國立北斗家商,彰化縣
798,國立和美實驗學校,彰化縣
799,私立大慶商工,彰化縣
800,縣立彰化藝術高中,彰化縣
801,縣立北斗國中,彰化縣
802,縣立鹿港國中,彰化縣
803,縣立鹿鳴國中,彰化縣
804,縣立線西國中,彰化縣
805,縣立陽明國中,彰化縣
806,縣立彰安國中,彰化縣
807,縣立彰德國中,彰化縣
808,縣立明倫國中,彰化縣
809,縣立萬興國中,彰化縣
810,縣立竹塘國中,彰化縣
811,縣立溪湖國中,彰化縣
812,縣立埔鹽國中,彰化縣
813,縣立福興國中,彰化縣
814,縣立秀水國中,彰化縣
815,縣立和美高中,彰化縣
816,縣立伸港國中,彰化縣
817,縣立大村國中,彰化縣
818,縣立花壇國中,彰化縣
819,縣立永靖國中,彰化縣
820,縣立二水國中,彰化縣
821,縣立社頭國中,彰化縣
822,縣立田尾國中,彰化縣
823,縣立溪州國中,彰化縣
824,縣立溪陽國中,彰化縣
825,縣立埤頭國中,彰化縣
826,縣立和群國中,彰化縣
827,縣立大同國中,彰化縣
828,縣立原斗國中(小),彰化縣
829,縣立中山國小,彰化縣
830,縣立民生國小,彰化縣
831,縣立平和國小,彰化縣
832,縣立南郭國小,彰化縣
833,縣立南興國小,彰化縣
834,縣立泰和國小,彰化縣
835,縣立國聖國小,彰化縣
836,縣立忠孝國小,彰化縣
837,縣立芬園國小,彰化縣
838,縣立富山國小,彰化縣
839,縣立同安國小,彰化縣
840,縣立花壇國小,彰化縣
841,縣立文祥國小,彰化縣
842,縣立華南國小,彰化縣
843,縣立僑愛國小,彰化縣
844,縣立三春國小,彰化縣
845,縣立和美國小,彰化縣
846,縣立和東國小,彰化縣
847,縣立大嘉國小,彰化縣
848,縣立大榮國小,彰化縣
849,縣立新庄國小,彰化縣
850,縣立培英國小,彰化縣
851,縣立線西國小,彰化縣
852,縣立曉陽國小,彰化縣
853,縣立新港國小,彰化縣
854,縣立伸東國小,彰化縣
855,縣立伸仁國小,彰化縣
856,縣立大同國小,彰化縣
857,縣立文開國小,彰化縣
858,縣立洛津國小,彰化縣
859,縣立草港國小,彰化縣
860,縣立東興國小,彰化縣
861,縣立管嶼國小,彰化縣
862,縣立文昌國小,彰化縣
863,縣立西勢國小,彰化縣
864,縣立永豐國小,彰化縣
865,縣立育新國小,彰化縣
866,縣立秀水國小,彰化縣
867,縣立馬興國小,彰化縣
868,縣立華龍國小,彰化縣
869,縣立明正國小,彰化縣
870,縣立陝西國小,彰化縣
871,縣立溪湖國小,彰化縣
872,縣立東溪國小,彰化縣
873,縣立湖西國小,彰化縣
874,縣立湖東國小,彰化縣
875,縣立湖南國小,彰化縣
876,縣立媽厝國小,彰化縣
877,縣立埔鹽國小,彰化縣
878,縣立大園國小,彰化縣
879,縣立南港國小,彰化縣
880,縣立好修國小,彰化縣
881,縣立永樂國小,彰化縣
882,縣立新水國小,彰化縣
883,縣立天盛國小,彰化縣
884,縣立埔心國小,彰化縣
885,縣立舊館國小,彰化縣
886,縣立鳳霞國小,彰化縣
887,縣立梧鳳國小,彰化縣
888,縣立明聖國小,彰化縣
889,縣立員林國小,彰化縣
890,縣立育英國小,彰化縣
891,縣立靜修國小,彰化縣
892,縣立僑信國小,彰化縣
893,縣立員東國小,彰化縣
894,縣立饒明國小,彰化縣
895,縣立東山國小,彰化縣
896,縣立青山國小,彰化縣
897,縣立明湖國小,彰化縣
898,縣立大西國小,彰化縣
899,縣立村上國小,彰化縣
900,縣立村東國小,彰化縣
901,縣立福德國小,彰化縣
902,縣立永興國小,彰化縣
903,縣立福興國小,彰化縣
904,縣立德興國小,彰化縣
905,縣立田中國小,彰化縣
906,縣立三潭國小,彰化縣
907,縣立東和國小,彰化縣
908,縣立明禮國小,彰化縣
909,縣立社頭國小,彰化縣
910,縣立橋頭國小,彰化縣
911,縣立朝興國小,彰化縣
912,縣立湳雅國小,彰化縣
913,縣立二水國小,彰化縣
914,縣立復興國小,彰化縣
915,縣立北斗國小,彰化縣
916,縣立萬來國小,彰化縣
917,縣立螺青國小,彰化縣
918,縣立大新國小,彰化縣
919,縣立螺陽國小,彰化縣
920,縣立田尾國小,彰化縣
921,縣立南鎮國小,彰化縣
922,縣立埤頭國小,彰化縣
923,縣立合興國小,彰化縣
924,縣立豐崙國小,彰化縣
925,縣立芙朝國小,彰化縣
926,縣立中和國小,彰化縣
927,縣立大湖國小,彰化縣
928,縣立溪州國小,彰化縣
929,縣立僑義國小,彰化縣
930,縣立水尾國小,彰化縣
931,縣立潮洋國小,彰化縣
932,縣立成功國小,彰化縣
933,縣立大莊國小,彰化縣
934,縣立南州國小,彰化縣
935,縣立二林國小,彰化縣
936,縣立中正國小,彰化縣
937,縣立育德國小,彰化縣
938,縣立廣興國小,彰化縣
939,縣立萬興國小,彰化縣
940,縣立原斗國(中)小,彰化縣
941,縣立大城國小,彰化縣
942,縣立西港國小,彰化縣
943,縣立美豐國小,彰化縣
944,縣立頂庄國小,彰化縣
945,縣立潭墘國小,彰化縣
946,縣立竹塘國小,彰化縣
947,縣立田頭國小,彰化縣
948,縣立長安國小,彰化縣
949,縣立土庫國小,彰化縣
950,縣立民權國小,彰化縣
951,縣立草湖國小,彰化縣
952,縣立新寶國小,彰化縣
953,縣立路上國小,彰化縣
954,縣立和仁國小,彰化縣
955,彰化縣北斗鎮立幼兒園新生分班,彰化縣
956,彰化縣大城鄉立幼兒園,彰化縣
957,國立南投高中,南投縣
958,國立中興高中,南投縣
959,國立竹山高中,南投縣
960,國立暨大附中,南投縣
961,國立仁愛高農,南投縣
962,國立埔里高工,南投縣
963,國立南投高商,南投縣
964,國立水里商工,南投縣
965,私立同德家商,南投縣
966,縣立旭光高中,南投縣
967,縣立南投國中,南投縣
968,縣立南崗國中,南投縣
969,縣立中興國中,南投縣
970,縣立宏仁國中,南投縣
971,縣立草屯國中,南投縣
972,縣立延和國中,南投縣
973,縣立瑞竹國中,南投縣
974,縣立名間國中,南投縣
975,縣立中寮國中,南投縣
976,縣立魚池國中,南投縣
977,縣立明潭國中,南投縣
978,縣立國姓國中,南投縣
979,縣立北梅國中,南投縣
980,縣立北山國中,南投縣
981,縣立水里國中,南投縣
982,縣立信義國中,南投縣
983,縣立同富國中,南投縣
984,縣立仁愛國中,南投縣
985,縣立南投國小,南投縣
986,縣立西嶺國小,南投縣
987,縣立德興國小,南投縣
988,縣立光華國小,南投縣
989,縣立光榮國小,南投縣
990,縣立僑建國小,南投縣
991,縣立漳和國小,南投縣
992,縣立光復國小,南投縣
993,縣立埔里國小,南投縣
994,縣立太平國小,南投縣
995,縣立草屯國小,南投縣
996,縣立敦和國小,南投縣
997,縣立新庄國小,南投縣
998,縣立碧峰國小,南投縣
999,縣立土城國小,南投縣
1000,縣立雙冬國小,南投縣
1001,縣立炎峰國小,南投縣
1002,縣立坪頂國小,南投縣
1003,縣立富功國小,南投縣
1004,縣立竹山國小,南投縣
1005,縣立延平國小,南投縣
1006,縣立社寮國小,南投縣
1007,縣立過溪國小,南投縣
1008,縣立大鞍國小,南投縣
1009,縣立雲林國小,南投縣
1010,縣立鯉魚國小,南投縣
1011,縣立中和國小,南投縣
1012,縣立集集國小,南投縣
1013,縣立隘寮國小,南投縣
1014,縣立永昌國小,南投縣
1015,縣立永昌國小富山分校,南投縣
1016,縣立名間國小,南投縣
1017,縣立新街國小,南投縣
1018,縣立名崗國小,南投縣
1019,縣立中山國小,南投縣
1020,縣立弓鞋國小,南投縣
1021,縣立鹿谷國小,南投縣
1022,縣立文昌國小,南投縣
1023,縣立鳳凰國小,南投縣
1024,縣立初鄉國小,南投縣
1025,縣立鹿谷國小和雅分校,南投縣
1026,縣立廣興國小,南投縣
1027,縣立中寮國小,南投縣
1028,縣立永和國小,南投縣
1029,縣立明潭國小,南投縣
1030,縣立德化國小,南投縣
1031,縣立國姓國小,南投縣
1032,縣立水里國小,南投縣
1033,縣立水里國小(車埕分校),南投縣
1034,縣立信義國小,南投縣
1035,縣立羅娜國小,南投縣
1036,縣立愛國國小,南投縣
1037,縣立地利國小,南投縣
1038,縣立東埔國小,南投縣
1039,縣立愛國國小 (自強分班),南投縣
1040,縣立桐林國小,南投縣
1041,縣立新鄉國小,南投縣
1042,縣立雙龍國小,南投縣
1043,縣立互助國小,南投縣
1044,縣立力行國小(翠巒分校),南投縣
1045,縣立南豐國小,南投縣
1046,縣立廬山國小,南投縣
1047,縣立萬豐國小,南投縣
1048,縣立春陽國小,南投縣
1049,縣立清境國小,南投縣
1050,縣立虎山國小,南投縣
1051,縣立前山國小,南投縣
1052,國立斗六高中,雲林縣
1053,國立北港高中,雲林縣
1054,國立虎尾高中,雲林縣
1055,國立虎尾農工,雲林縣
1056,國立西螺農工,雲林縣
1057,國立斗六家商,雲林縣
1058,國立北港農工,雲林縣
1059,國立土庫商工,雲林縣
1060,私立揚子高中,雲林縣
1061,縣立斗南高中,雲林縣
1062,縣立麥寮高中,雲林縣
1063,縣立東明國中,雲林縣
1064,縣立大埤國中,雲林縣
1065,縣立飛沙國中,雲林縣
1066,縣立四湖國中,雲林縣
1067,縣立水林國中,雲林縣
1068,縣立二崙國中,雲林縣
1069,縣立褒忠國中,雲林縣
1070,縣立莿桐國中,雲林縣
1071,縣立崙背國中,雲林縣
1072,縣立古坑國中(小),雲林縣
1073,縣立東勢國中,雲林縣
1074,縣立元長國中,雲林縣
1075,縣立雲林國中,雲林縣
1076,縣立虎尾國中,雲林縣
1077,縣立崇德國中,雲林縣
1078,縣立西螺國中,雲林縣
1079,縣立北港國中,雲林縣
1080,縣立建國國中,雲林縣
1081,縣立宜梧國中,雲林縣
1082,縣立口湖國中,雲林縣
1083,縣立臺西國中,雲林縣
1084,縣立土庫國中,雲林縣
1085,縣立蔦松國中,雲林縣
1086,縣立馬光國中,雲林縣
1087,縣立石榴國中,雲林縣
1088,縣立鎮西國小,雲林縣
1089,縣立鎮東國小,雲林縣
1090,縣立溝壩國小,雲林縣
1091,縣立梅林國小,雲林縣
1092,縣立石榴國小,雲林縣
1093,縣立溪洲國小,雲林縣
1094,縣立林頭國小,雲林縣
1095,縣立保長國小,雲林縣
1096,縣立鎮南國小,雲林縣
1097,縣立公誠國小,雲林縣
1098,縣立久安國小,雲林縣
1099,縣立古坑國(中)小,雲林縣
1100,縣立東和國小,雲林縣
1101,縣立永光國小,雲林縣
1102,縣立華山國小,雲林縣
1103,縣立棋山國小,雲林縣
1104,縣立桂林國小,雲林縣
1105,縣立樟湖生態國(中)小,雲林縣
1106,縣立華南實驗國小,雲林縣
1107,縣立山峰華德福教育實小,雲林縣
1108,縣立水碓國小,雲林縣
1109,縣立新光國小,雲林縣
1110,縣立林內國小,雲林縣
1111,縣立重興國小,雲林縣
1112,縣立成功國小,雲林縣
1113,縣立林中國小,雲林縣
1114,縣立民生國小,雲林縣
1115,縣立斗南國小,雲林縣
1116,縣立大東國小,雲林縣
1117,縣立石龜國小,雲林縣
1118,縣立重光國小,雲林縣
1119,縣立文安國小,雲林縣
1120,縣立僑真國小,雲林縣
1121,縣立饒平國小,雲林縣
1122,縣立六合國小,雲林縣
1123,縣立育仁國小,雲林縣
1124,縣立大埤國小,雲林縣
1125,縣立舊庄國小,雲林縣
1126,縣立仁和國小,雲林縣
1127,縣立嘉興國小,雲林縣
1128,縣立聯美國小,雲林縣
1129,縣立虎尾國小,雲林縣
1130,縣立立仁國小,雲林縣
1131,縣立大屯國小,雲林縣
1132,縣立中溪國小,雲林縣
1133,縣立光復國小,雲林縣
1134,縣立中正國小,雲林縣
1135,縣立平和國小,雲林縣
1136,縣立廉使國小,雲林縣
1137,縣立惠來國小,雲林縣
1138,縣立安慶國小,雲林縣
1139,縣立馬光國小,雲林縣
1140,縣立後埔國小,雲林縣
1141,縣立新庄國小,雲林縣
1142,縣立褒忠國小,雲林縣
1143,縣立龍巖國小,雲林縣
1144,縣立復興國小,雲林縣
1145,縣立潮厝華德福教育實小,雲林縣
1146,縣立東勢國小,雲林縣
1147,縣立安南國小,雲林縣
1148,縣立明倫國小,雲林縣
1149,縣立同安國小,雲林縣
1150,縣立龍潭國小,雲林縣
1151,縣立臺西國小,雲林縣
1152,縣立崙豐國小,雲林縣
1153,縣立泉州國小,雲林縣
1154,縣立尚德國小,雲林縣
1155,縣立文昌國小,雲林縣
1156,縣立中山國小,雲林縣
1157,縣立廣興國小,雲林縣
1158,縣立安定國小,雲林縣
1159,縣立吳厝國小,雲林縣
1160,縣立大新國小,雲林縣
1161,縣立文興國小,雲林縣
1162,縣立二崙國小,雲林縣
1163,縣立三和國小,雲林縣
1164,縣立油車國小,雲林縣
1165,縣立大同國小,雲林縣
1166,縣立永定國小,雲林縣
1167,縣立義賢國小,雲林縣
1168,縣立旭光國小,雲林縣
1169,縣立崙背國小,雲林縣
1170,縣立豐榮國小,雲林縣
1171,縣立大有國小,雲林縣
1172,縣立中和國小,雲林縣
1173,縣立陽明國小,雲林縣
1174,縣立東興國小,雲林縣
1175,縣立麥寮國小,雲林縣
1176,縣立橋頭國小,雲林縣
1177,縣立南陽國小,雲林縣
1178,縣立北辰國小,雲林縣
1179,縣立好收國小,雲林縣
1180,縣立辰光國小,雲林縣
1181,縣立僑美國小,雲林縣
1182,縣立新生國小,雲林縣
1183,縣立山內國小,雲林縣
1184,縣立仁德國小,雲林縣
1185,縣立忠孝國小,雲林縣
1186,縣立仁愛國小,雲林縣
1187,縣立信義國小,雲林縣
1188,縣立和平國小,雲林縣
1189,縣立四湖國小,雲林縣
1190,縣立飛沙國小,雲林縣
1191,縣立林厝國小,雲林縣
1192,縣立三崙國小,雲林縣
1193,縣立南光國小,雲林縣
1194,縣立鹿場國小,雲林縣
1195,縣立明德國小,雲林縣
1196,縣立建華國小,雲林縣
1197,縣立內湖國小,雲林縣
1198,縣立口湖國小,雲林縣
1199,縣立口湖國小(青蚶分校),雲林縣
1200,縣立文光國小,雲林縣
1201,縣立金湖國小,雲林縣
1202,縣立下崙國小,雲林縣
1203,縣立成龍國小,雲林縣
1204,縣立頂湖國小,雲林縣
1205,縣立尖山國小,雲林縣
1206,縣立宏仁國小,雲林縣
1207,縣立文正國小,雲林縣
1208,縣立誠正國小,雲林縣
1209,縣立中興國小,雲林縣
1210,縣立大興國小,雲林縣
1211,縣立雲林國小,雲林縣
1212,國立東石高中,嘉義縣
1213,國立新港藝術高中,嘉義縣
1214,國立民雄農工,嘉義縣
1215,縣立竹崎高中,嘉義縣
1216,縣立朴子國中,嘉義縣
1217,縣立東石國中,嘉義縣
1218,縣立過溝國中,嘉義縣
1219,縣立大林國中,嘉義縣
1220,縣立新港國中,嘉義縣
1221,縣立民雄國中,嘉義縣
1222,縣立大吉國中,嘉義縣
1223,縣立太保國中,嘉義縣
1224,縣立嘉新國中,嘉義縣
1225,縣立溪口國中,嘉義縣
1226,縣立鹿草國中,嘉義縣
1227,縣立東榮國中,嘉義縣
1228,縣立水上國中,嘉義縣
1229,縣立忠和國中,嘉義縣
1230,縣立中埔國中,嘉義縣
1231,縣立民和國中,嘉義縣
1232,縣立大埔國民中小學,嘉義縣
1233,縣立朴子國小,嘉義縣
1234,縣立大同國小,嘉義縣
1235,縣立雙溪國小,嘉義縣
1236,縣立竹村國小,嘉義縣
1237,縣立景山國小,嘉義縣
1238,縣立永安國小,嘉義縣
1239,縣立過溝國小,嘉義縣
1240,縣立貴林國小,嘉義縣
1241,縣立新岑國小,嘉義縣
1242,縣立大林國小,嘉義縣
1243,縣立三和國小,嘉義縣
1244,縣立社團國小,嘉義縣
1245,縣立民雄國小,嘉義縣
1246,縣立東榮國小,嘉義縣
1247,縣立三興國小,嘉義縣
1248,縣立興中國小,嘉義縣
1249,縣立松山國小,嘉義縣
1250,縣立大崎國小,嘉義縣
1251,縣立溪口國小,嘉義縣
1252,縣立美林國小,嘉義縣
1253,縣立柴林國小,嘉義縣
1254,縣立柳溝國小,嘉義縣
1255,縣立文昌國小,嘉義縣
1256,縣立古民國小,嘉義縣
1257,縣立安和國小,嘉義縣
1258,縣立蒜頭國小,嘉義縣
1259,縣立六腳國小,嘉義縣
1260,縣立六美國小,嘉義縣
1261,縣立灣內國小,嘉義縣
1262,縣立東石國小,嘉義縣
1263,縣立塭港國小,嘉義縣
1264,縣立三江國小,嘉義縣
1265,縣立龍港國小,嘉義縣
1266,縣立港墘國小,嘉義縣
1267,縣立龍崗國小,嘉義縣
1268,縣立鹿草國小,嘉義縣
1269,縣立下潭國小,嘉義縣
1270,縣立竹園國小,嘉義縣
1271,縣立義竹國小,嘉義縣
1272,縣立光榮國小,嘉義縣
1273,縣立和順國小,嘉義縣
1274,縣立南興國小,嘉義縣
1275,縣立太保國小,嘉義縣
1276,縣立新埤國小,嘉義縣
1277,縣立水上國小,嘉義縣
1278,縣立忠和國小,嘉義縣
1279,縣立成功國小,嘉義縣
1280,縣立北回國小,嘉義縣
1281,縣立中埔國小,嘉義縣
1282,縣立頂六國小,嘉義縣
1283,縣立和睦國小,嘉義縣
1284,縣立同仁國小,嘉義縣
1285,縣立沄水國小,嘉義縣
1286,縣立社口國小,嘉義縣
1287,縣立灣潭國小,嘉義縣
1288,縣立隙頂國小,嘉義縣
1289,縣立竹崎國小,嘉義縣
1290,縣立鹿滿國小,嘉義縣
1291,縣立內埔國小,嘉義縣
1292,縣立中和國小,嘉義縣
1293,縣立光華國小,嘉義縣
1294,縣立義仁國小,嘉義縣
1295,縣立太平國小,嘉義縣
1296,縣立瑞峰國小,嘉義縣
1297,縣立大南國小安靖分校,嘉義縣
1298,縣立仁和國小,嘉義縣
1299,縣立十字國小,嘉義縣
1300,縣立來吉國小,嘉義縣
1301,縣立新美國小,嘉義縣
1302,縣立阿里山國(中)小,嘉義縣
1303,縣立香林國小,嘉義縣
1304,縣立茶山國小,嘉義縣
1305,國立新豐高中,臺南市
1306,國立臺南大學附中,臺南市
1307,國立北門高中,臺南市
1308,國立新營高中,臺南市
1309,國立後壁高中,臺南市
1310,國立善化高中,臺南市
1311,國立新化高中,臺南市
1312,國立新化高工,臺南市
1313,國立白河商工,臺南市
1314,國立北門農工,臺南市
1315,國立曾文家商,臺南市
1316,國立新營高工,臺南市
1317,國立玉井工商,臺南市
1318,國立臺南高工,臺南市
1319,國立曾文農工,臺南市
1320,國立臺南大學附屬啟聰學校(新化校區),臺南市
1321,國立臺南啟聰學校(臺南校區),臺南市
1322,私立興國高中,臺南市
1323,私立明達高中,臺南市
1324,市立大灣高中,臺南市
1325,市立永仁高中,臺南市
1326,市立仁德國中,臺南市
1327,市立仁德文賢國中,臺南市
1328,市立歸仁國中,臺南市
1329,市立關廟國中,臺南市
1330,市立永康國中,臺南市
1331,市立新化國中,臺南市
1332,市立善化國中,臺南市
1333,市立山上國中,臺南市
1334,市立安定國中,臺南市
1335,市立楠西國中,臺南市
1336,市立新市國中,臺南市
1337,市立南化國中,臺南市
1338,市立左鎮國中,臺南市
1339,市立麻豆國中,臺南市
1340,市立下營國中,臺南市
1341,市立六甲國中,臺南市
1342,市立大內國中,臺南市
1343,市立佳里國中,臺南市
1344,市立佳興國中,臺南市
1345,市立學甲國中,臺南市
1346,市立西港國中,臺南市
1347,市立竹橋國中,臺南市
1348,市立北門國中,臺南市
1349,市立南新國中,臺南市
1350,市立太子國中,臺南市
1351,市立新東國中,臺南市
1352,市立鹽水國中,臺南市
1353,市立白河國中,臺南市
1354,市立柳營國中,臺南市
1355,市立東原國中,臺南市
1356,市立菁寮國中,臺南市
1357,市立仁德國小,臺南市
1358,市立長興國小,臺南市
1359,市立大甲國小,臺南市
1360,市立仁和國小,臺南市
1361,市立德南國小,臺南市
1362,市立虎山實驗小學,臺南市
1363,市立歸南國小,臺南市
1364,市立大潭國小,臺南市
1365,市立五甲國小,臺南市
1366,市立保東國小,臺南市
1367,市立崇和國小,臺南市
1368,市立深坑國小,臺南市
1369,市立龍崎國小(龍船分校),臺南市
1370,市立永康國小,臺南市
1371,市立大灣國小,臺南市
1372,市立三村國小,臺南市
1373,市立西勢國小,臺南市
1374,市立龍潭國小,臺南市
1375,市立新化國小,臺南市
1376,市立口埤實驗小學,臺南市
1377,市立大新國小,臺南市
1378,市立山上國小,臺南市
1379,市立玉井國小,臺南市
1380,市立南化國小,臺南市
1381,市立北寮國小,臺南市
1382,市立玉山國小,臺南市
1383,市立光榮國小,臺南市
1384,市立茄拔國小,臺南市
1385,市立大成國小,臺南市
1386,市立陽明國小,臺南市
1387,市立善糖國小,臺南市
1388,市立新市國小,臺南市
1389,市立大社國小,臺南市
1390,市立南安國小,臺南市
1391,市立麻豆國小,臺南市
1392,市立文正國小,臺南市
1393,市立大山國小,臺南市
1394,市立北勢國小,臺南市
1395,市立佳里國小,臺南市
1396,市立延平國小,臺南市
1397,市立塭內國小,臺南市
1398,市立子龍國小,臺南市
1399,市立仁愛國小,臺南市
1400,市立西港國小,臺南市
1401,市立港東國小,臺南市
1402,市立西港區成功國小,臺南市
1403,市立後營國小(金砂分校),臺南市
1404,市立松林國小,臺南市
1405,市立七股國小,臺南市
1406,市立龍山國小,臺南市
1407,市立樹林國小,臺南市
1408,市立漚汪國小,臺南市
1409,市立苓和國小,臺南市
1410,市立長平國小,臺南市
1411,市立北門國小,臺南市
1412,市立北門國小(玉湖分校),臺南市
1413,市立蚵寮國小,臺南市
1414,市立文山國小,臺南市
1415,市立雙春國小,臺南市
1416,市立三慈國小,臺南市
1417,市立學甲國小,臺南市
1418,市立頂洲國小,臺南市
1419,市立東陽國小,臺南市
1420,市立下營國小,臺南市
1421,市立中營國小,臺南市
1422,市立賀建國小,臺南市
1423,市立東興國小,臺南市
1424,市立六甲國小,臺南市
1425,市立六甲國小(湖東分校),臺南市
1426,市立林鳳國小,臺南市
1427,市立官田國小,臺南市
1428,市立大內國小,臺南市
1429,市立大內國小(頭社分校),臺南市
1430,市立二溪國小,臺南市
1431,市立新營國小,臺南市
1432,市立新營區新興國小,臺南市
1433,市立新進國小,臺南市
1434,市立新生國小,臺南市
1435,市立土庫國小,臺南市
1436,市立公誠國小,臺南市
1437,市立鹽水國小,臺南市
1438,市立月津國小,臺南市
1439,市立竹埔國小,臺南市
1440,市立岸內國小,臺南市
1441,市立白河國小,臺南市
1442,市立玉豐國小,臺南市
1443,市立竹門國小,臺南市
1444,市立內角國小,臺南市
1445,市立仙草國小,臺南市
1446,市立仙草國小(關嶺分校),臺南市
1447,市立河東國小,臺南市
1448,市立河東國小(六溪分校),臺南市
1449,市立大竹國小,臺南市
1450,市立柳營國小,臺南市
1451,市立果毅國小,臺南市
1452,市立新山國小,臺南市
1453,市立後壁國小,臺南市
1454,市立菁寮國小,臺南市
1455,市立安溪國小,臺南市
1456,市立新東國小,臺南市
1457,市立永安國小,臺南市
1458,市立新嘉國小,臺南市
1459,市立聖賢國小,臺南市
1460,市立東原國小,臺南市
1461,市立崑山國小,臺南市
1462,市立五王國小,臺南市
1463,市立文化國小,臺南市
1464,市立正新國小,臺南市
1465,國立鳳山高中,高雄市
1466,國立岡山高中,高雄市
1467,國立旗美高中,高雄市
1468,國立旗山農工,高雄市
1469,國立岡山農工,高雄市
1470,國立鳳山商工,高雄市
1471,市立文山高中,高雄市
1472,市立林園高中,高雄市
1473,市立福誠高中,高雄市
1474,市立鳳山國中,高雄市
1475,市立鳳西國中,高雄市
1476,市立五甲國中,高雄市
1477,市立鳳甲國中,高雄市
1478,市立忠孝國中,高雄市
1479,市立大寮國中,高雄市
1480,市立大樹國中,高雄市
1481,市立鳥松國中,高雄市
1482,市立大社國中,高雄市
1483,市立岡山國中,高雄市
1484,市立燕巢國中,高雄市
1485,市立阿蓮國中,高雄市
1486,市立湖內國中,高雄市
1487,市立茄萣國中,高雄市
1488,市立田寮國中,高雄市
1489,市立旗山國中,高雄市
1490,市立圓富國中,高雄市
1491,市立南隆國中,高雄市
1492,市立寶來國中,高雄市
1493,市立內門國中,高雄市
1494,市立蚵寮國中,高雄市
1495,市立那瑪夏國中,高雄市
1496,市立一甲國中,高雄市
1497,市立嘉興國中,高雄市
1498,市立文山國小,高雄市
1499,市立鳳山區中正國小,高雄市
1500,市立五甲國小,高雄市
1501,市立曹公國小,高雄市
1502,市立誠正國小,高雄市
1503,市立南成國小,高雄市
1504,市立五福國小,高雄市
1505,市立鳳山區中山國小,高雄市
1506,市立新甲國小,高雄市
1507,市立鳳山區忠孝國小,高雄市
1508,市立林園國小,高雄市
1509,市立中芸國小,高雄市
1510,市立港埔國小,高雄市
1511,市立翁園國小,高雄市
1512,市立大樹國小,高雄市
1513,市立大樹國小(和山分校),高雄市
1514,市立九曲國小,高雄市
1515,市立溪埔國小,高雄市
1516,市立水寮國小,高雄市
1517,市立小坪國小,高雄市
1518,市立仁武國小,高雄市
1519,市立烏林國小,高雄市
1520,市立八卦國小,高雄市
1521,市立灣內國小,高雄市
1522,市立大社區大社國小,高雄市
1523,市立嘉誠國小,高雄市
1524,市立鳥松國小,高雄市
1525,市立大華國小,高雄市
1526,市立岡山國小,高雄市
1527,市立前峰國小,高雄市
1528,市立嘉興國小,高雄市
1529,市立兆湘國小,高雄市
1530,市立後紅國小,高雄市
1531,市立和平國小,高雄市
1532,市立仕隆國小,高雄市
1533,市立五林國小,高雄市
1534,市立興糖國小,高雄市
1535,市立燕巢國小,高雄市
1536,市立橫山國小,高雄市
1537,市立深水國小,高雄市
1538,市立安招國小,高雄市
1539,市立田寮區新興國小,高雄市
1540,市立阿蓮國小,高雄市
1541,市立阿蓮國小(峰山分校),高雄市
1542,市立中路國小,高雄市
1543,市立復安國小,高雄市
1544,市立路竹國小,高雄市
1545,市立路竹區大社國小,高雄市
1546,市立下坑國小,高雄市
1547,市立竹滬國小,高雄市
1548,市立三埤國小,高雄市
1549,市立北嶺國小,高雄市
1550,市立一甲國小,高雄市
1551,市立文賢國小,高雄市
1552,市立明宗國小,高雄市
1553,市立大湖國小,高雄市
1554,市立海埔國小,高雄市
1555,市立茄萣國小,高雄市
1556,市立茄萣區成功國小,高雄市
1557,市立砂崙國小,高雄市
1558,市立永安國小,高雄市
1559,市立新港國小,高雄市
1560,市立彌陀國小,高雄市
1561,市立南安國小,高雄市
1562,市立梓官國小,高雄市
1563,市立蚵寮國小,高雄市
1564,市立溪洲國小,高雄市
1565,市立圓潭國小,高雄市
1566,市立嶺口國小,高雄市
1567,市立美濃國小,高雄市
1568,市立東門國小,高雄市
1569,市立吉洋國小,高雄市
1570,市立龍肚國小,高雄市
1571,市立中壇國小,高雄市
1572,市立廣興國小,高雄市
1573,市立荖濃國小,高雄市
1574,市立新發國小,高雄市
1575,市立龍興國小,高雄市
1576,市立新威國小,高雄市
1577,市立寶來國小,高雄市
1578,市立月美國小,高雄市
1579,市立上平國小,高雄市
1580,市立新庄國小,高雄市
1581,市立集來國小,高雄市
1582,市立杉林國小,高雄市
1583,市立觀亭國小,高雄市
1584,市立溝坪國小,高雄市
1585,市立金竹國小,高雄市
1586,市立木柵國小,高雄市
1587,市立西門國小,高雄市
1588,市立景義國小,高雄市
1589,市立甲仙國小,高雄市
1590,市立寶隆國小,高雄市
1591,市立民生國小,高雄市
1592,市立茂林國小,高雄市
1593,市立桃源國小,高雄市
1594,市立寶山國小,高雄市
1595,市立鎮北國小,高雄市
1596,市立鳳西國小,高雄市
1597,市立文德國小,高雄市
1598,市立登發國小,高雄市
1599,市立竹圍國小,高雄市
1600,市立觀音國小,高雄市
1601,市立正義國小,高雄市
1602,市立山頂國小,高雄市
1603,市立興達國小,高雄市
1604,國立屏東女中,屏東縣
1605,國立屏東高中,屏東縣
1606,國立潮州高中,屏東縣
1607,國立內埔農工,屏東縣
1608,國立屏東高工,屏東縣
1609,國立佳冬高農,屏東縣
1610,國立恆春工商,屏東縣
1611,國立屏東大學實小,屏東縣
1612,縣立大同高中,屏東縣
1613,縣立枋寮高中,屏東縣
1614,縣立明正國中,屏東縣
1615,縣立鶴聲國中,屏東縣
1616,縣立至正國中,屏東縣
1617,縣立長治國中,屏東縣
1618,縣立麟洛國中,屏東縣
1619,縣立九如國中,屏東縣
1620,縣立鹽埔國中,屏東縣
1621,縣立崇文國中,屏東縣
1622,縣立竹田國中,屏東縣
1623,縣立潮州國中,屏東縣
1624,縣立光春國中,屏東縣
1625,縣立新埤國中,屏東縣
1626,縣立萬丹國中,屏東縣
1627,縣立新園國中,屏東縣
1628,縣立東港高中,屏東縣
1629,縣立南州國中,屏東縣
1630,縣立佳冬國中,屏東縣
1631,縣立車城國中,屏東縣
1632,縣立恆春國中,屏東縣
1633,縣立泰武國中,屏東縣
1634,縣立牡丹國中,屏東縣
1635,縣立獅子國中,屏東縣
1636,縣立中正國小,屏東縣
1637,縣立仁愛國小,屏東縣
1638,縣立公館國小,屏東縣
1639,縣立大同國小,屏東縣
1640,縣立鶴聲國小,屏東縣
1641,縣立勝利國小,屏東縣
1642,縣立歸來國小,屏東縣
1643,縣立前進國小,屏東縣
1644,縣立建國國小,屏東縣
1645,縣立復興國小,屏東縣
1646,縣立忠孝國小,屏東縣
1647,縣立和平國小,屏東縣
1648,縣立萬丹國小,屏東縣
1649,縣立新庄國小,屏東縣
1650,縣立興華國小,屏東縣
1651,縣立新興國小,屏東縣
1652,縣立社皮國小,屏東縣
1653,縣立廣安國小,屏東縣
1654,縣立興化國小,屏東縣
1655,縣立麟洛國小,屏東縣
1656,縣立長興國小,屏東縣
1657,縣立繁華國小,屏東縣
1658,縣立鹽埔國小,屏東縣
1659,縣立新圍國小,屏東縣
1660,縣立彭厝國小,屏東縣
1661,縣立高樹國小,屏東縣
1662,縣立舊寮國小,屏東縣
1663,縣立泰山國小,屏東縣
1664,縣立大路關國中小(關福分校),屏東縣
1665,縣立南華國小,屏東縣
1666,縣立里港國小,屏東縣
1667,縣立土庫國小,屏東縣
1668,縣立潮州國小,屏東縣
1669,縣立光華國小,屏東縣
1670,縣立萬巒國小,屏東縣
1671,縣立佳佐國小,屏東縣
1672,縣立內埔國小,屏東縣
1673,縣立育英國小,屏東縣
1674,縣立僑智國小,屏東縣
1675,縣立榮華國小,屏東縣
1676,縣立黎明國小,屏東縣
1677,縣立隘寮國小,屏東縣
1678,縣立泰安國小,屏東縣
1679,縣立豐田國小,屏東縣
1680,縣立竹田國小,屏東縣
1681,縣立西勢國小,屏東縣
1682,縣立新埤國小,屏東縣
1683,縣立餉潭國小,屏東縣
1684,縣立枋寮國小,屏東縣
1685,縣立僑德國小,屏東縣
1686,縣立建興國小,屏東縣
1687,縣立東海國小,屏東縣
1688,縣立東港國小,屏東縣
1689,縣立東隆國小,屏東縣
1690,縣立海濱國小,屏東縣
1691,縣立大潭國小,屏東縣
1692,縣立新園國小,屏東縣
1693,縣立烏龍國小,屏東縣
1694,縣立港西國小,屏東縣
1695,縣立崁頂國小,屏東縣
1696,縣立力社國小,屏東縣
1697,縣立林邊國小,屏東縣
1698,縣立竹林國小,屏東縣
1699,縣立同安國小,屏東縣
1700,縣立溪北國小,屏東縣
1701,縣立塭子國小,屏東縣
1702,縣立羌園國小,屏東縣
1703,縣立玉光國小,屏東縣
1704,縣立水泉國小,屏東縣
1705,縣立車城國小,屏東縣
1706,縣立車城國小(射寮分校),屏東縣
1707,縣立長樂國小,屏東縣
1708,縣立地磨兒國小,屏東縣
1709,縣立地磨兒國小(德文分校),屏東縣
1710,縣立青葉國小,屏東縣
1711,縣立口社國小,屏東縣
1712,縣立佳義國小,屏東縣
1713,縣立北葉國小,屏東縣
1714,縣立萬安國小,屏東縣
1715,縣立來義國小,屏東縣
1716,縣立望嘉國小,屏東縣
1717,縣立文樂國小,屏東縣
1718,縣立南和國小,屏東縣
1719,縣立古樓國小,屏東縣
1720,縣立春日國小,屏東縣
1721,縣立力里國小,屏東縣
1722,縣立古華國小,屏東縣
1723,縣立古華國小(士文分校),屏東縣
1724,縣立高士國小(牡林分校),屏東縣
1725,縣立牡丹國小,屏東縣
1726,縣立三多國小,屏東縣
1727,縣立信義國小,屏東縣
1728,縣立瑞光國小,屏東縣
1729,縣立崇蘭國小,屏東縣
1730,縣立塔樓國小,屏東縣
1731,縣立賽嘉國小,屏東縣
1732,國立臺東女中,臺東縣
1733,國立臺東高中,臺東縣
1734,國立關山工商,臺東縣
1735,國立臺東高商,臺東縣
1736,國立成功商水,臺東縣
1737,縣立蘭嶼高中,臺東縣
1738,縣立新生國中,臺東縣
1739,縣立寶桑國中,臺東縣
1740,縣立卑南國中,臺東縣
1741,縣立豐田國中,臺東縣
1742,縣立知本國中,臺東縣
1743,縣立初鹿國中,臺東縣
1744,縣立鹿野國中,臺東縣
1745,縣立瑞源國中,臺東縣
1746,縣立關山國中,臺東縣
1747,縣立池上國中,臺東縣
1748,縣立大王國中,臺東縣
1749,縣立賓茂國中,臺東縣
1750,縣立大武國中,臺東縣
1751,縣立都蘭國中,臺東縣
1752,縣立泰源國中,臺東縣
1753,縣立新港國中,臺東縣
1754,縣立長濱國中,臺東縣
1755,縣立桃源國中,臺東縣
1756,縣立海端國中,臺東縣
1757,縣立綠島國中,臺東縣
1758,縣立仁愛國小,臺東縣
1759,縣立光明國小,臺東縣
1760,縣立寶桑國小,臺東縣
1761,縣立新生國小,臺東縣
1762,縣立豐里國小,臺東縣
1763,縣立豐榮國小,臺東縣
1764,縣立馬蘭國小,臺東縣
1765,縣立康樂國小,臺東縣
1766,縣立卑南國小,臺東縣
1767,縣立南王國小,臺東縣
1768,縣立建和國小,臺東縣
1769,縣立豐田國小,臺東縣
1770,縣立富岡國小,臺東縣
1771,縣立新園國小,臺東縣
1772,縣立賓朗國小,臺東縣
1773,縣立利嘉國小,臺東縣
1774,縣立初鹿國小,臺東縣
1775,縣立東成國小,臺東縣
1776,縣立富山國小,臺東縣
1777,縣立大南國小,臺東縣
1778,縣立太平國小,臺東縣
1779,縣立大王國小,臺東縣
1780,縣立香蘭國小,臺東縣
1781,縣立美和國小,臺東縣
1782,縣立尚武國小,臺東縣
1783,縣立綠島國小,臺東縣
1784,縣立鹿野國小,臺東縣
1785,縣立龍田國小,臺東縣
1786,縣立永安國小,臺東縣
1787,縣立瑞豐國小,臺東縣
1788,縣立瑞源國小,臺東縣
1789,縣立關山國小,臺東縣
1790,縣立月眉國小,臺東縣
1791,縣立德高國小,臺東縣
1792,縣立電光國小,臺東縣
1793,縣立福原國小,臺東縣
1794,縣立大坡國小,臺東縣
1795,縣立萬安國小,臺東縣
1796,縣立萬安國小(振興分校),臺東縣
1797,縣立都蘭國小,臺東縣
1798,縣立泰源國小,臺東縣
1799,縣立北源國小,臺東縣
1800,縣立三民國小,臺東縣
1801,縣立信義國小,臺東縣
1802,縣立三仙國小,臺東縣
1803,縣立三民國小(和平分校),臺東縣
1804,縣立忠孝國小,臺東縣
1805,縣立忠孝國小(博愛分校),臺東縣
1806,縣立長濱國小,臺東縣
1807,縣立寧埔國小,臺東縣
1808,縣立竹湖國小,臺東縣
1809,縣立三間國小,臺東縣
1810,縣立樟原國小,臺東縣
1811,縣立嘉蘭國小,臺東縣
1812,縣立新興國小,臺東縣
1813,縣立賓茂國小,臺東縣
1814,縣立土坂國小,臺東縣
1815,縣立椰油國小,臺東縣
1816,縣立東清國小,臺東縣
1817,縣立桃源國小,臺東縣
1818,縣立武陵國小,臺東縣
1819,縣立鸞山國小,臺東縣
1820,縣立紅葉國小,臺東縣
1821,縣立初來國小,臺東縣
1822,縣立初來國小(新武分校),臺東縣
1823,縣立崁頂國小,臺東縣
1824,縣立崁頂國小(紅石分校),臺東縣
1825,縣立廣原國小,臺東縣
1826,縣立錦屏國小,臺東縣
1827,縣立加拿國小,臺東縣
1828,縣立霧鹿國小(利稻分校),臺東縣
1829,縣立興隆國小,臺東縣
1830,國立花蓮高中,花蓮縣
1831,國立玉里高中,花蓮縣
1832,國立花蓮高農,花蓮縣
1833,國立花蓮高工,花蓮縣
1834,國立花蓮高商,花蓮縣
1835,國立東華大學附設實小,花蓮縣
1836,國立花蓮特殊教育學校,花蓮縣
1837,私立海星高中,花蓮縣
1838,縣立玉里國中,花蓮縣
1839,縣立玉東國中,花蓮縣
1840,縣立三民國中,花蓮縣
1841,縣立美崙國中,花蓮縣
1842,縣立花崗國中,花蓮縣
1843,縣立國風國中,花蓮縣
1844,縣立秀林國中,花蓮縣
1845,縣立新城國中,花蓮縣
1846,縣立吉安國中,花蓮縣
1847,縣立宜昌國中,花蓮縣
1848,縣立壽豐國中,花蓮縣
1849,縣立平和國中,花蓮縣
1850,縣立鳳林國中,花蓮縣
1851,縣立萬榮國中,花蓮縣
1852,縣立富里國中,花蓮縣
1853,縣立富北國中,花蓮縣
1854,縣立豐濱國中,花蓮縣
1855,縣立瑞穗國中,花蓮縣
1856,縣立東里國中,花蓮縣
1857,縣立自強國中,花蓮縣
1858,縣立化仁國中,花蓮縣
1859,縣立明禮國小,花蓮縣
1860,縣立明義國小,花蓮縣
1861,縣立明廉國小,花蓮縣
1862,縣立明恥國小,花蓮縣
1863,縣立中正國小,花蓮縣
1864,縣立信義國小,花蓮縣
1865,縣立復興國小,花蓮縣
1866,縣立中華國小,花蓮縣
1867,縣立忠孝國小,花蓮縣
1868,縣立北濱國小,花蓮縣
1869,縣立鑄強國小,花蓮縣
1870,縣立新城國小,花蓮縣
1871,縣立北埔國小,花蓮縣
1872,縣立康樂國小,花蓮縣
1873,縣立吉安國小,花蓮縣
1874,縣立宜昌國小,花蓮縣
1875,縣立宜昌國小(仁里分校),花蓮縣
1876,縣立北昌國小,花蓮縣
1877,縣立稻香國小,花蓮縣
1878,縣立南華國小,花蓮縣
1879,縣立化仁國小,花蓮縣
1880,縣立太昌國小,花蓮縣
1881,縣立壽豐國小,花蓮縣
1882,縣立豐山國小,花蓮縣
1883,縣立豐裡國小,花蓮縣
1884,縣立志學國小,花蓮縣
1885,縣立平和國小,花蓮縣
1886,縣立溪口國小,花蓮縣
1887,縣立鳳林國小,花蓮縣
1888,縣立鳳仁國小,花蓮縣
1889,縣立北林國小,花蓮縣
1890,縣立長橋國小,花蓮縣
1891,縣立林榮國小,花蓮縣
1892,縣立太巴塱國小,花蓮縣
1893,縣立大進國小,花蓮縣
1894,縣立瑞穗國小,花蓮縣
1895,縣立瑞美國小,花蓮縣
1896,縣立鶴岡國小,花蓮縣
1897,縣立舞鶴國小,花蓮縣
1898,縣立富源國小,花蓮縣
1899,縣立豐濱國小,花蓮縣
1900,縣立港口國小,花蓮縣
1901,縣立靜浦國小,花蓮縣
1902,縣立新社國小,花蓮縣
1903,縣立中城國小,花蓮縣
1904,縣立源城國小,花蓮縣
1905,縣立樂合國小,花蓮縣
1906,縣立觀音國小,花蓮縣
1907,縣立松浦國小,花蓮縣
1908,縣立春日國小,花蓮縣
1909,縣立德武國小,花蓮縣
1910,縣立富里國小,花蓮縣
1911,縣立富南國小,花蓮縣
1912,縣立明里國小,花蓮縣
1913,縣立吳江國小,花蓮縣
1914,縣立學田國小,花蓮縣
1915,縣立萬寧國小,花蓮縣
1916,縣立東竹國小,花蓮縣
1917,縣立秀林國小,花蓮縣
1918,縣立富世國小,花蓮縣
1919,縣立崇德國小,花蓮縣
1920,縣立三棧國小,花蓮縣
1921,縣立佳民國小,花蓮縣
1922,縣立銅門國小,花蓮縣
1923,縣立銅蘭國小,花蓮縣
1924,縣立文蘭國小,花蓮縣
1925,縣立萬榮國小,花蓮縣
1926,縣立見晴國小,花蓮縣
1927,縣立馬遠國小,花蓮縣
1928,縣立西林國小,花蓮縣
1929,縣立紅葉國小,花蓮縣
1930,縣立卓溪國小,花蓮縣
1931,縣立崙山國小,花蓮縣
1932,縣立太平國小,花蓮縣
1933,縣立卓清國小,花蓮縣
1934,縣立卓楓國小,花蓮縣
1935,國立馬公高中,澎湖縣
1936,國立澎湖海事水產,澎湖縣
1937,縣立馬公國中,澎湖縣
1938,縣立中正國中,澎湖縣
1939,縣立吉貝國中,澎湖縣
1940,縣立七美國中,澎湖縣
1941,縣立中正國小,澎湖縣
1942,縣立中興國小,澎湖縣
1943,縣立中山國小,澎湖縣
1944,縣立虎井國小,澎湖縣
1945,縣立龍門國小,澎湖縣
1946,縣立沙港國小,澎湖縣
1947,縣立望安國小,澎湖縣
1948,縣立雙湖國小,澎湖縣
1949,國立基隆女中,基隆市
1950,國立基隆高中,基隆市
1951,國立基隆海事,基隆市
1952,市立中山高中,基隆市
1953,市立安樂高中,基隆市
1954,市立明德國中,基隆市
1955,市立銘傳國中,基隆市
1956,市立信義國中,基隆市
1957,市立南榮國中,基隆市
1958,市立成功國中,基隆市
1959,市立正濱國中,基隆市
1960,市立中山高中大德分校,基隆市
1961,市立建德國中,基隆市
1962,市立百福國中,基隆市
1963,市立八斗高中,基隆市
1964,市立中正國小,基隆市
1965,市立正濱國小,基隆市
1966,市立和平國小,基隆市
1967,市立八斗國小,基隆市
1968,市立東信國小,基隆市
1969,市立月眉國小,基隆市
1970,市立東光國小,基隆市
1971,市立仁愛國小,基隆市
1972,市立信義國小,基隆市
1973,市立南榮國小,基隆市
1974,市立尚智國小,基隆市
1975,市立安樂國小,基隆市
1976,市立西定國小,基隆市
1977,市立武崙國小,基隆市
1978,市立中和國小,基隆市
1979,市立仙洞國小,基隆市
1980,市立中山國小,基隆市
1981,市立中華國小,基隆市
1982,市立太平國小,基隆市
1983,市立德和國小,基隆市
1984,市立華興國小,基隆市
1985,市立五堵國小,基隆市
1986,市立堵南國小,基隆市
1987,市立瑪陵國小,基隆市
1988,市立尚仁國小,基隆市
1989,市立建德國小,基隆市
1990,市立八堵國小,基隆市
1991,市立暖暖國小,基隆市
1992,市立暖江國小,基隆市
1993,市立長興國小,基隆市
1994,基隆市立建德幼兒園,基隆市
1995,國立科學工業園區實驗高中,新竹市
1996,國立新竹女中,新竹市
1997,國立新竹高中,新竹市
1998,國立新竹高商,新竹市
1999,國立新竹高工,新竹市
2000,國立新竹教大附小,新竹市
2001,私立光復高中,新竹市
2002,市立成德高中,新竹市
2003,市立香山高中,新竹市
2004,市立建華國中,新竹市
2005,市立培英國中,新竹市
2006,市立光華國中,新竹市
2007,市立育賢國中,新竹市
2008,市立光武國中,新竹市
2009,市立南華國中,新竹市
2010,市立新竹國小,新竹市
2011,市立北門國小,新竹市
2012,市立民富國小,新竹市
2013,市立東門國小,新竹市
2014,市立東園國小,新竹市
2015,市立三民國小,新竹市
2016,市立龍山國小,新竹市
2017,市立關東國小,新竹市
2018,市立載熙國小,新竹市
2019,市立水源國小,新竹市
2020,市立大庄國小,新竹市
2021,市立大湖國小,新竹市
2022,市立內湖國小,新竹市
2023,市立南隘國小,新竹市
2024,市立頂埔國小,新竹市
2025,市立臺中女中,臺中市
2026,市立臺中二中,臺中市
2027,市立文華高中,臺中市
2028,市立臺中家商,臺中市
2029,國立興大附農,臺中市
2030,市立臺中高工,臺中市
2031,國立臺中教大附小,臺中市
2032,市立臺中啟聰學校,臺中市
2033,私立明德高中,臺中市
2034,私立嶺東高中,臺中市
2035,市立忠明高中,臺中市
2036,市立西苑高中,臺中市
2037,市立居仁國中,臺中市
2038,市立雙十國中,臺中市
2039,市立崇倫國中,臺中市
2040,市立大德國中,臺中市
2041,市立北新國中,臺中市
2042,市立黎明國中,臺中市
2043,市立向上國中,臺中市
2044,市立育英國中,臺中市
2045,市立四育國中,臺中市
2046,市立五權國中,臺中市
2047,市立中山國中,臺中市
2048,市立崇德國中,臺中市
2049,市立立人國中,臺中市
2050,市立安和國中,臺中市
2051,市立至善國中,臺中市
2052,市立萬和國中,臺中市
2053,市立大業國中,臺中市
2054,市立三光國中,臺中市
2055,市立中區光復國小,臺中市
2056,市立臺中國小,臺中市
2057,市立大智國小,臺中市
2058,市立樂業國小,臺中市
2059,市立忠孝國小,臺中市
2060,市立忠信國小,臺中市
2061,市立大同國小,臺中市
2062,市立忠明國小,臺中市
2063,市立西區中正國小,臺中市
2064,市立南區和平國小,臺中市
2065,市立國光國小,臺中市
2066,市立信義國小,臺中市
2067,市立北區太平國小,臺中市
2068,市立北區中華國小,臺中市
2069,市立篤行國小,臺中市
2070,市立健行國小,臺中市
2071,市立省三國小,臺中市
2072,市立西屯國小,臺中市
2073,市立西屯區泰安國小,臺中市
2074,市立大鵬國小,臺中市
2075,市立西屯區永安國小,臺中市
2076,市立協和國小,臺中市
2077,市立大仁國小,臺中市
2078,市立南屯國小,臺中市
2079,市立文山國小,臺中市
2080,市立黎明國小,臺中市
2081,市立北屯國小,臺中市
2082,市立僑孝國小,臺中市
2083,市立四張犁國小,臺中市
2084,市立松竹國小,臺中市
2085,市立逢甲國小,臺中市
2086,市立建功國小,臺中市
2087,市立北屯區新興國小,臺中市
2088,市立仁愛國小,臺中市
2089,市立北屯區文昌國小,臺中市
2090,市立大勇國小,臺中市
2091,市立重慶國小,臺中市
2092,市立南屯區東興國小,臺中市
2093,市立四維國小,臺中市
2094,市立何厝國小,臺中市
2095,市立陳平國小,臺中市
2096,市立惠文國小,臺中市
2097,國立嘉義女中,嘉義市
2098,國立嘉義高中,嘉義市
2099,國立華南高商,嘉義市
2100,國立嘉義高工,嘉義市
2101,國立嘉義高商,嘉義市
2102,國立嘉義家職,嘉義市
2103,國立嘉義大學附小,嘉義市
2104,私立輔仁高中,嘉義市
2105,市立大業國中,嘉義市
2106,市立北興國中,嘉義市
2107,市立玉山國中,嘉義市
2108,市立崇文國小,嘉義市
2109,市立博愛國小,嘉義市
2110,市立大同國小,嘉義市
2111,市立嘉北國小,嘉義市
2112,市立僑平國小,嘉義市
2113,市立精忠國小,嘉義市
2114,市立育人國小,嘉義市
2115,市立興安國小,嘉義市
2116,國立臺南二中,臺南市
2117,國立臺南一中,臺南市
2118,國立臺南女中,臺南市
2119,國立家齊高中,臺南市
2120,國立臺南高商,臺南市
2121,國立臺南海事,臺南市
2122,私立長榮女中,臺南市
2123,市立土城高中,臺南市
2124,市立後甲國中,臺南市
2125,市立大成國中,臺南市
2126,市立民德國中,臺南市
2127,市立成功國中,臺南市
2128,市立延平國中,臺南市
2129,市立建興國中,臺南市
2130,市立中山國中,臺南市
2131,市立安平國中,臺南市
2132,市立安南國中,臺南市
2133,市立安順國中,臺南市
2134,市立復興國中,臺南市
2135,市立新興國中,臺南市
2136,市立文賢國中,臺南市
2137,市立崇明國中,臺南市
2138,市立東區勝利國小,臺南市
2139,市立東區大同國小,臺南市
2140,市立東光國小,臺南市
2141,市立德高國小,臺南市
2142,市立崇學國小,臺南市
2143,市立南區新興國小,臺南市
2144,市立省躬國小,臺南市
2145,市立龍崗國小,臺南市
2146,市立永華國小,臺南市
2147,市立協進國小,臺南市
2148,市立立人國小,臺南市
2149,市立大光國小,臺南市
2150,市立進學國小,臺南市
2151,市立石門國小,臺南市
2152,市立安順國小,臺南市
2153,市立和順國小,臺南市
2154,市立海東國小,臺南市
2155,市立安慶國小,臺南市
2156,市立鎮海國小,臺南市
2157,市立長安國小,臺南市
2158,市立大港國小,臺南市
2159,市立海佃國小,臺南市
2160,市立東區復興國小,臺南市
2161,市立安平國小,臺南市
2162,臺北市立大學,臺北市
2163,市立西松高中,臺北市
2164,市立介壽國中,臺北市
2165,市立民生國中,臺北市
2166,市立敦化國中,臺北市
2167,市立松山國小,臺北市
2168,市立西松國小,臺北市
2169,市立敦化國小,臺北市
2170,市立民生國小,臺北市
2171,市立民權國小,臺北市
2172,市立三民國小,臺北市
2173,市立松山高中,臺北市
2174,市立永春高中,臺北市
2175,市立松山家商,臺北市
2176,市立松山工農,臺北市
2177,市立興雅國中,臺北市
2178,市立永吉國中,臺北市
2179,市立瑠公國中,臺北市
2180,市立信義國中,臺北市
2181,市立興雅國小,臺北市
2182,市立永春國小,臺北市
2183,市立光復國小,臺北市
2184,市立三興國小,臺北市
2185,市立信義國小,臺北市
2186,市立吳興國小,臺北市
2187,市立福德國小,臺北市
2188,市立永吉國小,臺北市
2189,市立博愛國小,臺北市
2190,國立師大附中,臺北市
2191,國立臺北教大實小,臺北市
2192,私立新民小學,臺北市
2193,市立和平高中,臺北市
2194,市立大安高工,臺北市
2195,市立仁愛國中,臺北市
2196,市立大安國中,臺北市
2197,市立芳和國中,臺北市
2198,市立金華國中,臺北市
2199,市立懷生國中,臺北市
2200,市立民族國中,臺北市
2201,市立龍安國小,臺北市
2202,市立大安國小,臺北市
2203,市立幸安國小,臺北市
2204,市立建安國小,臺北市
2205,市立仁愛國小,臺北市
2206,市立金華國小,臺北市
2207,市立古亭國小,臺北市
2208,市立銘傳國小,臺北市
2209,私立大同高中,臺北市
2210,市立中山女中,臺北市
2211,市立大同高中,臺北市
2212,市立大直高中,臺北市
2213,市立長安國中,臺北市
2214,市立新興國中,臺北市
2215,市立五常國中,臺北市
2216,市立中山國小,臺北市
2217,市立中正國小,臺北市
2218,市立長安國小,臺北市
2219,市立長春國小,臺北市
2220,市立五常國小,臺北市
2221,市立吉林國小,臺北市
2222,市立懷生國小,臺北市
2223,市立建國中學,臺北市
2224,市立成功中學,臺北市
2225,市立北一女中,臺北市
2226,市立螢橋國中,臺北市
2227,市立古亭國中,臺北市
2228,市立南門國中,臺北市
2229,市立弘道國中,臺北市
2230,市立中正國中,臺北市
2231,市立螢橋國小,臺北市
2232,市立河堤國小,臺北市
2233,市立忠義國小,臺北市
2234,市立國語實小,臺北市
2235,市立南門國小,臺北市
2236,市立東門國小,臺北市
2237,市立忠孝國小,臺北市
2238,臺北市立大學附小,臺北市
2239,臺北市立中正幼兒園,臺北市
2240,私立靜修女中,臺北市
2241,市立明倫高中,臺北市
2242,市立成淵高中,臺北市
2243,市立忠孝國中,臺北市
2244,市立民權國中,臺北市
2245,市立蘭州國中,臺北市
2246,市立重慶國中,臺北市
2247,市立日新國小,臺北市
2248,市立太平國小,臺北市
2249,市立永樂國小,臺北市
2250,市立雙蓮國小,臺北市
2251,市立大同國小,臺北市
2252,市立大龍國小,臺北市
2253,市立大橋國小,臺北市
2254,市立明倫國小,臺北市
2255,市立華江高中,臺北市
2256,市立大理高中,臺北市
2257,市立雙園國中,臺北市
2258,市立龍山國中,臺北市
2259,市立新和國小,臺北市
2260,市立雙園國小,臺北市
2261,市立東園國小,臺北市
2262,市立大理國小,臺北市
2263,市立西園國小,臺北市
2264,市立萬大國小,臺北市
2265,市立華江國小,臺北市
2266,市立老松國小,臺北市
2267,市立龍山國小,臺北市
2268,市立福星國小,臺北市
2269,私立靜心小學,臺北市
2270,私立中山小學,臺北市
2271,市立景美女中,臺北市
2272,市立萬芳高中,臺北市
2273,市立木柵高工,臺北市
2274,市立木柵國中,臺北市
2275,市立實踐國中,臺北市
2276,市立北政國中,臺北市
2277,市立景美國中,臺北市
2278,市立興福國中,臺北市
2279,市立景興國中,臺北市
2280,市立景美國小,臺北市
2281,市立興德國小,臺北市
2282,市立溪口國小,臺北市
2283,市立興隆國小,臺北市
2284,市立志清國小,臺北市
2285,市立景興國小,臺北市
2286,市立木柵國小,臺北市
2287,市立永建國小,臺北市
2288,市立實踐國小,臺北市
2289,市立博嘉國小,臺北市
2290,市立指南國小,臺北市
2291,市立明道國小,臺北市
2292,市立萬芳國小,臺北市
2293,市立力行國小,臺北市
2294,市立南港高中,臺北市
2295,市立南港高工,臺北市
2296,市立誠正國中,臺北市
2297,市立成德國中,臺北市
2298,市立舊莊國小,臺北市
2299,市立玉成國小,臺北市
2300,市立成德國小,臺北市
2301,市立胡適國小,臺北市
2302,市立修德國小,臺北市
2303,市立內湖高中,臺北市
2304,市立內湖高工,臺北市
2305,市立內湖國中,臺北市
2306,市立麗山國中,臺北市
2307,市立三民國中,臺北市
2308,市立西湖國中,臺北市
2309,市立東湖國中,臺北市
2310,市立明湖國中,臺北市
2311,市立內湖國小,臺北市
2312,市立碧湖國小,臺北市
2313,市立潭美國小,臺北市
2314,市立東湖國小,臺北市
2315,市立西湖國小,臺北市
2316,市立康寧國小,臺北市
2317,市立明湖國小,臺北市
2318,市立麗山國小,臺北市
2319,市立新湖國小,臺北市
2320,市立文湖國小,臺北市
2321,市立大湖國小,臺北市
2322,臺北市立內湖幼兒園,臺北市
2323,私立華岡藝校,臺北市
2324,市立陽明高中,臺北市
2325,市立百齡高中,臺北市
2326,市立士林高商,臺北市
2327,市立士林國中,臺北市
2328,市立蘭雅國中,臺北市
2329,市立至善國中,臺北市
2330,市立福安國中,臺北市
2331,市立天母國中,臺北市
2332,市立士林國小,臺北市
2333,市立士東國小,臺北市
2334,市立福林國小,臺北市
2335,市立陽明山國小,臺北市
2336,市立社子國小,臺北市
2337,市立富安國小,臺北市
2338,市立劍潭國小,臺北市
2339,市立百齡國小,臺北市
2340,市立雙溪國小,臺北市
2341,市立葫蘆國小,臺北市
2342,市立雨農國小,臺北市
2343,市立蘭雅國小,臺北市
2344,市立啟明學校,臺北市
2345,市立復興高中,臺北市
2346,市立中正高中,臺北市
2347,市立北投國中,臺北市
2348,市立新民國中,臺北市
2349,市立明德國中,臺北市
2350,市立桃源國中,臺北市
2351,市立北投國小,臺北市
2352,市立逸仙國小,臺北市
2353,市立石牌國小,臺北市
2354,市立關渡國小,臺北市
2355,市立清江國小,臺北市
2356,市立泉源國小,臺北市
2357,市立大屯國小,臺北市
2358,市立桃源國小,臺北市
2359,市立文林國小,臺北市
2360,市立立農國小,臺北市
2361,市立明德國小,臺北市
2362,市立鹽埕國中,高雄市
2363,市立鹽埕國小,高雄市
2364,市立鹽埕區忠孝國小,高雄市
2365,市立鼓山高中,高雄市
2366,市立壽山國中,高雄市
2367,市立九如國小,高雄市
2368,市立左營高中,高雄市
2369,市立海青工商,高雄市
2370,市立立德國中,高雄市
2371,市立龍華國中,高雄市
2372,市立左營國小,高雄市
2373,市立新莊國小,高雄市
2374,市立新民國小,高雄市
2375,市立明德國小,高雄市
2376,市立福山國小,高雄市
2377,高雄市立裕誠幼兒園,高雄市
2378,國立中山大學附屬國光高中,高雄市
2379,市立楠梓國中,高雄市
2380,市立右昌國中,高雄市
2381,市立後勁國中,高雄市
2382,市立右昌國小,高雄市
2383,市立莒光國小,高雄市
2384,市立加昌國小,高雄市
2385,市立翠屏國(中)小,高雄市
2386,市立高雄中學,高雄市
2387,市立三民高中,高雄市
2388,市立高雄高工,高雄市
2389,市立民族國中,高雄市
2390,市立陽明國中,高雄市
2391,市立三民國小,高雄市
2392,市立鼎金國小,高雄市
2393,市立愛國國小,高雄市
2394,市立正興國小,高雄市
2395,市立博愛國小,高雄市
2396,市立獅湖國小,高雄市
2397,市立三民區民族國小,高雄市
2398,市立莊敬國小,高雄市
2399,市立光武國小,高雄市
2400,市立東光國小,高雄市
2401,市立河濱國小,高雄市
2402,市立陽明國小,高雄市
2403,市立新興高中,高雄市
2404,市立高雄高商,高雄市
2405,市立新興區新興國小,高雄市
2406,市立七賢國小,高雄市
2407,市立高雄女中,高雄市
2408,市立前金國中,高雄市
2409,市立前金國小,高雄市
2410,高雄市立前金幼兒園,高雄市
2411,市立中正高中,高雄市
2412,市立五福國中,高雄市
2413,市立大仁國中,高雄市
2414,市立英明國中,高雄市
2415,市立苓洲國小,高雄市
2416,市立凱旋國小,高雄市
2417,市立福東國小,高雄市
2418,市立苓雅區中正國小,高雄市
2419,市立福康國小,高雄市
2420,市立前鎮高中,高雄市
2421,市立瑞祥高中,高雄市
2422,市立中正高工,高雄市
2423,市立光華國中,高雄市
2424,市立興仁國中,高雄市
2425,市立前鎮國小,高雄市
2426,市立愛群國小,高雄市
2427,市立復興國小,高雄市
2428,市立明正國小,高雄市
2429,市立光華國小,高雄市
2430,市立瑞祥國小,高雄市
2431,市立中山國中,高雄市
2432,市立明義國中,高雄市
2433,市立小港國小,高雄市
2434,市立鳳林國小,高雄市
2435,市立青山國小,高雄市
2436,市立太平國小,高雄市
2437,市立坪頂國小,高雄市
2438,市立桂林國小,高雄市
2439,國立金門高中,金門縣
2440,縣立金城國中,金門縣
2441,縣立中正國小,金門縣
2442,縣立金沙國小,金門縣
2443,縣立卓環國小,金門縣
2444,縣立介壽國中(小),連江縣
2445,縣立中山國中,連江縣
2446,縣立仁愛國小,連江縣
2447,縣立坂里國小,連江縣
